{"assets/fonts/SpoqaHanSansNeo_Bold.otf":["assets/fonts/SpoqaHanSansNeo_Bold.otf"],"assets/fonts/SpoqaHanSansNeo_Regular.otf":["assets/fonts/SpoqaHanSansNeo_Regular.otf"],"assets/fonts/nexon_lv1_gothic_OTF.woff":["assets/fonts/nexon_lv1_gothic_OTF.woff"],"assets/fonts/nexon_lv1_gothic_OTF_Bold.woff":["assets/fonts/nexon_lv1_gothic_OTF_Bold.woff"],"packages/fluent_ui/assets/AcrylicNoise.png":["packages/fluent_ui/assets/AcrylicNoise.png"],"packages/fluent_ui/fonts/FluentIcons.ttf":["packages/fluent_ui/fonts/FluentIcons.ttf"],"packages/flutter_rating_stars/assets/star_off.png":["packages/flutter_rating_stars/assets/star_off.png"],"packages/syncfusion_flutter_datagrid/assets/font/FilterIcon.ttf":["packages/syncfusion_flutter_datagrid/assets/font/FilterIcon.ttf"],"packages/syncfusion_flutter_datagrid/assets/font/UnsortIcon.ttf":["packages/syncfusion_flutter_datagrid/assets/font/UnsortIcon.ttf"],"packages/timezone/data/latest_all.tzf":["packages/timezone/data/latest_all.tzf"]}