[{"family":"MaterialIcons","fonts":[{"asset":"fonts/MaterialIcons-Regular.otf"}]},{"family":"NotoSansKR","fonts":[{"asset":"assets/fonts/NotoSansKR-Regular.otf"}]},{"family":"Roboto","fonts":[{"asset":"assets/fonts/Roboto-Regular.otf"}]},{"family":"packages/cupertino_icons/CupertinoIcons","fonts":[{"asset":"packages/cupertino_icons/assets/CupertinoIcons.ttf"}]},{"family":"packages/syncfusion_flutter_datagrid/UnsortIcon","fonts":[{"asset":"packages/syncfusion_flutter_datagrid/assets/font/UnsortIcon.ttf"}]},{"family":"packages/syncfusion_flutter_datagrid/FilterIcon","fonts":[{"asset":"packages/syncfusion_flutter_datagrid/assets/font/FilterIcon.ttf"}]}]