{"assets/fonts/SpoqaHanSansNeo_Bold.otf":["assets/fonts/SpoqaHanSansNeo_Bold.otf"],"assets/fonts/SpoqaHanSansNeo_Regular.otf":["assets/fonts/SpoqaHanSansNeo_Regular.otf"],"assets/fonts/nexon_lv1_gothic_OTF.woff":["assets/fonts/nexon_lv1_gothic_OTF.woff"],"assets/fonts/nexon_lv1_gothic_OTF_Bold.woff":["assets/fonts/nexon_lv1_gothic_OTF_Bold.woff"],"packages/dropdown_button2/assets/fonts/Roboto-Regular.ttf":["packages/dropdown_button2/assets/fonts/Roboto-Regular.ttf"],"packages/dropdown_button2/assets/images/.gitkeep":["packages/dropdown_button2/assets/images/.gitkeep"],"packages/fluent_ui/assets/AcrylicNoise.png":["packages/fluent_ui/assets/AcrylicNoise.png"],"packages/fluent_ui/fonts/FluentIcons.ttf":["packages/fluent_ui/fonts/FluentIcons.ttf"],"packages/flutter_rating_stars/assets/star_off.png":["packages/flutter_rating_stars/assets/star_off.png"]}