{"assets/BI_1.png":["assets/BI_1.png"],"assets/BI_5.png":["assets/BI_5.png"],"assets/BI_6.png":["assets/BI_6.png"],"assets/animat-responsive-color.gif":["assets/animat-responsive-color.gif"],"assets/apple_icon_32.png":["assets/apple_icon_32.png"],"assets/btnAppAlertnotice_000.png":["assets/btnAppAlertnotice_000.png"],"assets/btnAppAlertnotice_001.png":["assets/btnAppAlertnotice_001.png"],"assets/btnAppAlertnotice_100.png":["assets/btnAppAlertnotice_100.png"],"assets/btnAppAlertnotice_101.png":["assets/btnAppAlertnotice_101.png"],"assets/btnAppAlertnotice_200.png":["assets/btnAppAlertnotice_200.png"],"assets/btnAppAlertnotice_201.png":["assets/btnAppAlertnotice_201.png"],"assets/dadaegu.png":["assets/dadaegu.png"],"assets/daeguro_icon_32.png":["assets/daeguro_icon_32.png"],"assets/editor.html":["assets/editor.html"],"assets/empty_menu.png":["assets/empty_menu.png"],"assets/flower_info_1.png":["assets/flower_info_1.png"],"assets/fonts/NotoSansKR-Regular.otf":["assets/fonts/NotoSansKR-Regular.otf"],"assets/fonts/font_roboto_bold.ttf":["assets/fonts/font_roboto_bold.ttf"],"assets/fonts/font_roboto_regular.ttf":["assets/fonts/font_roboto_regular.ttf"],"assets/google_icon_32.png":["assets/google_icon_32.png"],"assets/image-resize.min.js":["assets/image-resize.min.js"],"assets/info1.png":["assets/info1.png"],"assets/info2.png":["assets/info2.png"],"assets/initCardImage.jpg":["assets/initCardImage.jpg"],"assets/initVoucherImage.png":["assets/initVoucherImage.png"],"assets/jquery.min.js":["assets/jquery.min.js"],"assets/kakao_icon_32.png":["assets/kakao_icon_32.png"],"assets/logo.png":["assets/logo.png"],"assets/naver_icon_32.png":["assets/naver_icon_32.png"],"assets/quill.bubble.css":["assets/quill.bubble.css"],"assets/quill.js":["assets/quill.js"],"assets/quill.snow.css":["assets/quill.snow.css"],"assets/serverInfo.txt":["assets/serverInfo.txt"],"assets/view.html":["assets/view.html"],"packages/cupertino_icons/assets/CupertinoIcons.ttf":["packages/cupertino_icons/assets/CupertinoIcons.ttf"]}