{"assets/BI_1.png":["assets/BI_1.png"],"assets/BI_5.png":["assets/BI_5.png"],"assets/BI_6.png":["assets/BI_6.png"],"assets/animat-responsive-color.gif":["assets/animat-responsive-color.gif"],"assets/daeguro_icon_32.png":["assets/daeguro_icon_32.png"],"assets/empty_menu.png":["assets/empty_menu.png"],"assets/fonts/NotoSansKR-Regular.otf":["assets/fonts/NotoSansKR-Regular.otf"],"assets/fonts/font_roboto_bold.ttf":["assets/fonts/font_roboto_bold.ttf"],"assets/fonts/font_roboto_regular.ttf":["assets/fonts/font_roboto_regular.ttf"],"assets/logo.png":["assets/logo.png"],"packages/cupertino_icons/assets/CupertinoIcons.ttf":["packages/cupertino_icons/assets/CupertinoIcons.ttf"]}