[{"family":"MaterialIcons","fonts":[{"asset":"fonts/MaterialIcons-Regular.otf"}]},{"family":"HanSansNeo","fonts":[{"weight":700,"asset":"assets/fonts/SpoqaHanSansNeo_Bold.otf"},{"weight":400,"asset":"assets/fonts/SpoqaHanSansNeo_Regular.otf"}]},{"family":"Nexon","fonts":[{"weight":700,"asset":"assets/fonts/nexon_lv1_gothic_OTF_Bold.woff"},{"weight":400,"asset":"assets/fonts/nexon_lv1_gothic_OTF.woff"}]},{"family":"packages/fluent_ui/FluentIcons","fonts":[{"asset":"packages/fluent_ui/fonts/FluentIcons.ttf"}]},{"family":"packages/syncfusion_flutter_datagrid/UnsortIcon","fonts":[{"asset":"packages/syncfusion_flutter_datagrid/assets/font/UnsortIcon.ttf"}]},{"family":"packages/syncfusion_flutter_datagrid/FilterIcon","fonts":[{"asset":"packages/syncfusion_flutter_datagrid/assets/font/FilterIcon.ttf"}]}]