[{"family":"MaterialIcons","fonts":[{"asset":"fonts/MaterialIcons-Regular.otf"}]},{"family":"NotoSansKR","fonts":[{"weight":700,"asset":"assets/fonts/NotoSansKR-Regular.otf"},{"weight":400,"asset":"assets/fonts/NotoSansKR-Regular.otf"}]},{"family":"Roboto","fonts":[{"weight":700,"asset":"assets/fonts/font_roboto_bold.ttf"},{"weight":400,"asset":"assets/fonts/font_roboto_regular.ttf"}]},{"family":"packages/cupertino_icons/CupertinoIcons","fonts":[{"asset":"packages/cupertino_icons/assets/CupertinoIcons.ttf"}]}]