{"assets/fonts/NotoSansKR-Regular.otf":["assets/fonts/NotoSansKR-Regular.otf"],"assets/fonts/Roboto-Regular.otf":["assets/fonts/Roboto-Regular.otf"],"assets/images/btn_menu.png":["assets/images/btn_menu.png"],"assets/images/btn_search_main.png":["assets/images/btn_search_main.png"],"assets/images/card_option.png":["assets/images/card_option.png"],"assets/images/emptymenu.png":["assets/images/emptymenu.png"],"assets/images/ic_calendar.png":["assets/images/ic_calendar.png"],"assets/images/ic_calendar@2x.png":["assets/images/ic_calendar@2x.png"],"assets/images/ic_coupon_menu.png":["assets/images/ic_coupon_menu.png"],"assets/images/ic_coupon_menu@2x.png":["assets/images/ic_coupon_menu@2x.png"],"assets/images/ic_coupon_menu_on.png":["assets/images/ic_coupon_menu_on.png"],"assets/images/ic_coupon_menu_on@2x.png":["assets/images/ic_coupon_menu_on@2x.png"],"assets/images/ic_gallery.png":["assets/images/ic_gallery.png"],"assets/images/ic_home_menu@2x.png":["assets/images/ic_home_menu@2x.png"],"assets/images/ic_home_menu_on@2x.png":["assets/images/ic_home_menu_on@2x.png"],"assets/images/ic_ios_share.png":["assets/images/ic_ios_share.png"],"assets/images/ic_notice_menu.png":["assets/images/ic_notice_menu.png"],"assets/images/ic_notice_menu@2x.png":["assets/images/ic_notice_menu@2x.png"],"assets/images/ic_notice_menu_on.png":["assets/images/ic_notice_menu_on.png"],"assets/images/ic_notice_menu_on2@2x.png":["assets/images/ic_notice_menu_on2@2x.png"],"assets/images/ic_notice_menu_on@2x.png":["assets/images/ic_notice_menu_on@2x.png"],"assets/images/ic_post_add_menu@2x.png":["assets/images/ic_post_add_menu@2x.png"],"assets/images/ic_post_add_menu_on@2x.png":["assets/images/ic_post_add_menu_on@2x.png"],"assets/images/ic_search.png":["assets/images/ic_search.png"],"assets/images/ic_search@2x.png":["assets/images/ic_search@2x.png"],"assets/images/ic_statistics_menu.png":["assets/images/ic_statistics_menu.png"],"assets/images/ic_statistics_menu@2x.png":["assets/images/ic_statistics_menu@2x.png"],"assets/images/ic_statistics_menu_on.png":["assets/images/ic_statistics_menu_on.png"],"assets/images/ic_statistics_menu_on@2x.png":["assets/images/ic_statistics_menu_on@2x.png"],"assets/images/ic_store_menu.png":["assets/images/ic_store_menu.png"],"assets/images/ic_store_menu@2x.png":["assets/images/ic_store_menu@2x.png"],"assets/images/ic_store_menu_on.png":["assets/images/ic_store_menu_on.png"],"assets/images/ic_store_menu_on2@2x.png":["assets/images/ic_store_menu_on2@2x.png"],"assets/images/ic_store_menu_on@2x.png":["assets/images/ic_store_menu_on@2x.png"],"assets/images/logo_daeguro.png":["assets/images/logo_daeguro.png"],"assets/images/order_tab_on@2x.png":["assets/images/order_tab_on@2x.png"],"assets/images/prod_explain.png":["assets/images/prod_explain.png"],"assets/images/reservation_tab_off@2x.png":["assets/images/reservation_tab_off@2x.png"],"packages/cupertino_icons/assets/CupertinoIcons.ttf":["packages/cupertino_icons/assets/CupertinoIcons.ttf"],"packages/syncfusion_flutter_datagrid/assets/font/FilterIcon.ttf":["packages/syncfusion_flutter_datagrid/assets/font/FilterIcon.ttf"],"packages/syncfusion_flutter_datagrid/assets/font/UnsortIcon.ttf":["packages/syncfusion_flutter_datagrid/assets/font/UnsortIcon.ttf"]}