{
  "faq": [
    {
      "title": "입점 관련",
      "data": [
        {
          "subject": "대구로란 어떤 건가요?",
          "content": [
            {
              "subtitle": "",
              "subcontent": "대구시와 인성데이타 주식회사가 협업을 통하여 운영하게 되는 대구형 배달앱이며, 서비스 품질 향상, 수수료 및 운영비 부담 경감, 음식점 운영 효율화, 시민 편익 증진을 목표로 하고 있습니다. 현재는 배달앱으로서 도약을 위해 준비하고 있으며, 차후 택시, 대리운전, 퀵서비스, 문화시설예약 등 모든 생활편의 서비스를 집약한 어플이 되기를 목표하고 있습니다. 현재 배달앱으로서, 카드결제 즉시정산, 행복페이 온라인 결제 및 추가할인 등 다른 배달앱과는 차별화하여, 대구로의 모든 이해관계자들의 만족할 수 있도록하고, 활성화될 수 있도록 노력하겠습니다."
            }
          ]
        },
        {
          "subject": "입점 신청 방법이 궁금해요.",
          "content": [
            {
              "subtitle": "입점 신청",
              "subcontent": "신청은 대구로 홈페이지(www.daeguro.co.kr)를 통해 간편 입점 신청을 할 수 있습니다.신청이 완료되면, 담당자분이 순차적으로 연락 후 방문드릴 예정입니다."
            }
          ]
        },
        {
          "subject": "입점 신청했는데 연락이 안 와요.",
          "content": [
            {
              "subtitle": "입점신청",
              "subcontent": "늦어져서 죄송합니다. 현재 입점 문의가 많이 들어오고 있기 때문에 순차적으로 연락을 드리고 있습니다. 기다려주시면 담당자분이 순차적으로 확인 및 연락을 하고 방문드릴 예정입니다. 혹시나 입점신청을 한지 2주 이상 아무 연락이 없다면, 카카오톡 채널을 통해서 문의주시거나, 고객센터(1661-3773)로 전화주시면 확인해 드리도록 하겠습니다."
            }
          ]
        },
        {
          "subject": "입점할 때 필요한 서류에는 뭐가 있나요?",
          "content": [
            {
              "subtitle": "입점신청",
              "subcontent": "개인사업자일 경우, 1)사업자등록증 2)대표자 신분증 3)통장사본 4)영업신고증 준비해주세요. 만약 법인사업자일 경우, 추가적으로 법인등기부등본 확인이 필요합니다. 추가적으로 앱에 등록할 메뉴이미지, 로고이미지가 있다면 준비해주세요."
            }
          ]
        },
        {
          "subject": "제 사업자등록번호가 왜 중복으로 뜨나요?",
          "content": [
            {
              "subtitle": "입점신청",
              "subcontent": "고객센터(1661-3773)으로 문의해주세요."
            }
          ]
        },
        {
          "subject": "배달대행사를 쓰게 되면 자동으로 연동이 되나요?",
          "content": [
            {
              "subtitle": "배달관련",
              "subcontent": "현재 배달대행사들에게 api를 제공하여 저희 주문정보를 배달대행 프로그램으로 전송할 수 있도록 대구지역에 있는 많은 배달대행사들을 상대로 협조요청을 진행 중입니다. 현재는 생각대로 배달대행, 비욘드딜리버리 배달연동을 제공하고 있으며, 차후 다른 배달대행사 연동작업도 진행예정입니다."
            }
          ]
        }
      ]
    },
    {
      "title": "운영 기준",
      "data": [
        {
          "subject": "수수료는 어떻게 되나요?",
          "content": [
            {
              "subtitle": "수수료",
              "subcontent": "중개 수수료 2% [VAT 별도, 주문앱을 통한 모든 주문완료 건에 부과]<br/> 카드결제 수수료(앱바로결제 수수료) 2.2%"
            }
          ]
        },
        {
          "subject": "카드 결제 수수료는 어떤 건가요?",
          "content": [
            {
              "subtitle": "수수료",
              "subcontent": "앱 바로 결제로서, 고객이 ‘대구로’ 앱을 통해 카드등록 및 간편결제를 진행하면 발생하게 되는 수수료이며, 사장님들의 부담을 낮추기위해 카드수수료율을 최대한 낮추었습니다."
            }
          ]
        },
        {
          "subject": "깃발이란 시스템이 뭔가요?",
          "content": [
            {
              "subtitle": "깃발",
              "subcontent": "1) 깃발의 정의 : 상점의 매장위치에서 2.5km 반경 내에 고객들에게 노출을 설정하는 시스템입니다.<br/>2) 깃발 제공 사유 : 하나의 깃발만을 제공한다면, 배달반경이 2.5km보다 넓다거나, 고객이 반경끝 동네에 내 단골손님들이 많다면 고객들에게 상단노출을 시키는 데에 제한이 있을 것입니다. 이러한 부분을 해결하기 위해 대구로는 무상으로 깃발을 3개까지 적용 가능하며, 대신 깃발이 적용되려면 사장님사이트에서 영업동으로 배달가능한 행정동을 설정해 주셔야합니다.<br/>3) 설정방법 : 깃발설정은 사장님사이트의 매장위치 → ‘위치클릭’ → 지도위 설정하고싶은 지역에 깃발 꽂기"
            }
          ]
        },
        {
          "subject": "리뷰 별점 집계 기준은 어떻게 되나요?",
          "content": [
            {
              "subtitle": "리뷰",
              "subcontent": "최근 6개월(180일) 내 가게에 표시되어있는 리뷰 기준입니다."
            }
          ]
        },
        {
          "subject": "사장님 댓글은 언제까지 작성할 수 있나요?",
          "content": [
            {
              "subtitle": "리뷰",
              "subcontent": "고객이 리뷰를 작성한 완료일로부터 30일간 가능합니다."
            }
          ]
        },
        {
          "subject": "고객이 리뷰 며칠까지 작성할 수 있나요?",
          "content": [
            {
              "subtitle": "리뷰",
              "subcontent": "주문 완료로부터 3일 간 작성 가능합니다."
            }
          ]
        },
        {
          "subject": "라이더가 (늦게 도착해서 or 잘못 배달해서) 리뷰 별점을 낮게 썼어요. 이런 것은 어떻게 처리해야 하나요?",
          "content": [
            {
              "subtitle": "리뷰",
              "subcontent": "대구로는 악성댓글 및 음식과 관계없는 리뷰에 대한 필터링 및 대처를 위해 여러가지 시스템을 준비중이나, 현재로서는 운영사를 통해 대처할 수 있도록 진행중입니다. 악성댓글하나가 사장님의 사업에 영향을 끼치지 않도록 최대한 도움을 드릴 수 있도록 할 것이며, 차후 리뷰시스템을 대체할 수 있는 여러가지 시스템을 기획중이니 기대해주세요.<br/> ※ 악성리뷰 처리방법 : 사장님 사이트 → ‘리뷰관리’ → ‘신고’ → ‘신고내용 작성’ <br/> ※ 악성리뷰기준 – 욕설, 욕설단어일부를 마스킹 처리한 리뷰, 음란한 내용, 청소년에게 부적합한 리뷰, 타가게 홍보리뷰, 개인정보 노출 리뷰, 주문한음식 또는 가게와 관련없는 리뷰, 운영사를 사칭한 경우 등"
            }
          ]
        },
        {
          "subject": "제가 배달의 민족에서 샵앤샵(사업자등록번호 1개로 다중 브랜드 매장을운영할 때)하고 있는데 대구로에서는 어떻게 해요?",
          "content": [
            {
              "subtitle": "노출 기준",
              "subcontent": "현재는 사업자 하나당 1개씩 올리실 수 있습니다. 곧 샵앤샵 매장도 운영할 수 있도록 준비중이니 현재는 대표 상점만 선정하셔서 입점진행해주시면 감사하겠습니다."
            }
          ]
        },
        {
          "subject": "대구로에 저희 가게매장을 상단에 노출하고 싶은데, 기준이 뭔가요?",
          "content": [
            {
              "subtitle": "노출 기준",
              "subcontent": "현재 추천순/거리순/별점높은순/주문많은순/신규매장순 으로 필터를 제공하고 있습니다. 어플의 기본설정 값은 추천 순이며, 추천의 기준은 리뷰와 별점이 많은 순이나 현재는 대구로 리뷰/별점이 없으므로 기본 거리순으로 정렬됩니다."
            }
          ]
        },
        {
          "subject": "정산 관련해서 궁금해요.",
          "content": [
            {
              "subtitle": "정산",
              "subcontent": "대구로는 타주문앱사들과는 차별화전략으로서, 앱바로결제에 대한 정산을 즉시 해드립니다. 만약 20,000원짜리 주문을 배달완료하셨다면, 그 즉시 사장님들이 출금할 수 있는 적립금으로서 지급이 됩니다.<br/> 적립내역확인 : 사장님 사이트 → ‘적립내역’<br/> 적립금 출금 : 사장님 사이트 → ‘계좌정보’ → ‘출금하기’ → 매장정보에 등록된 휴대전화로 인증 후 출금 가능"
            }
          ]
        },
        {
          "subject": "적립금 출금 시 통장에 어떻게 보이나요?",
          "content": [
            {
              "subtitle": "정산",
              "subcontent": "사장님이 만약 10만원을 출금요청하시면, 대구로 앱을 개발한 ‘인성데이타(주)’가 99,800원을 사장님에게 계좌로 입금을 해드립니다. 출금 시 200원의 수수료가 발생하는데, 해당 수수료는 인성데이타(주)가 사용하는 가상계좌 시스템의 사용료입니다."
            }
          ]
        }
      ]
    },
    {
      "title": "이벤트",
      "data": [
        {
          "subject": "행복페이로 결제 하면 최대 15% 할인?",
          "content": [
            {
              "subtitle": "행복페이 할인",
              "subcontent": "대구행복페이 카드는 현재 대구시 정책상, 한달에 최대 50만원까지 사용가능하며 충전시 10% 할인혜택을 받을 수 있습니다. 추가적으로, 대구로는 지역화폐 사용을 독려하기 위해 대구시와 협의하여, 행복페이로 앱바로결제 시, 자체적으로 5% 추가할인을 제공합니다."
            }
          ]
        },
        {
          "subject": "책자에 매출 약 50만원까지 중개수수료 면제라고 되어 있는데 무슨 말이에요?",
          "content": [
            {
              "subtitle": "매출 50만원까지 수수료 면제",
              "subcontent": "현재 대구로에 입점하시는 사장님들에게 ‘대구로’는 10,000원의 입점 축하금을 지급하고 있습니다. 이에 따라 매출 50만원의 2%의 금액이 10,000원이며, 매출 50만원까지는 중개수수료를 부담하지 않더라도, 입점축하금으로 제공한 10,000원으로 수수료로서 사용가능하다는 광고입니다."
            }
          ]
        },
        {
          "subject": "적립금 출금 시에, 출금가능액이 적립금액보다 10,000원 적어요.",
          "content": [
            {
              "subtitle": "매출 50만원까지 수수료 면제",
              "subcontent": "입점축하금으로 드린 10,000원은 수수료로서 사용하실 수 있게 제공해 드리고 있습니다. 이에 따라 적립금 출금 시에는 10,000원 이상 보존하도록 시스템화 되어있습니다. 또한 현재 입점축하금의 단독적인 출금은 불가능합니다."
            }
          ]
        },
        {
          "subject": "첫주문 할인쿠폰은 어떻게 지급하나요?",
          "content": [
            {
              "subtitle": "쿠폰",
              "subcontent": "대구로 어플 회원가입 시 제공되며, 발행 계정 당 1회 지급을 합니다.<br/>(회원탈퇴 후, 재가입시는 지급불가)"
            }
          ]
        },
        {
          "subject": "할인쿠폰은 중복으로 사용가능 한가요?",
          "content": [
            {
              "subtitle": "쿠폰",
              "subcontent": "저희가 제공하는 첫 주문 할인쿠폰, 재주문 쿠폰, 옥의티를 찾아라 이벤트 쿠폰은 모두 재사용 및 쿠폰중복사용이 불가합니다."
            }
          ]
        },
        {
          "subject": "대구로 SNS 팔로워 이벤트를 하려고 하는데, 인스타그램과 블로그 두 곳 다 올리고 싶어요. 가능한가요?",
          "content": [
            {
              "subtitle": "쿠폰",
              "subcontent": "네. 인스타그램과 블로그 중복참여 가능합니다. 포스팅은 1인 1개씩만 참여가능하며, 복수당첨은 1개 당첨으로 처리됩니다."
            }
          ]
        },
        {
          "subject": "(재주문 쿠폰문의) 제가 어제 2회 이상 주문을 했는데, 재주문 쿠폰 2개 주시는 건가요?",
          "content": [
            {
              "subtitle": "쿠폰",
              "subcontent": "아닙니다. 전일 2회이상을 주문하더라도 무조건 1개의 쿠폰을 제공해드립니다."
            }
          ]
        }
      ]
    },
    {
      "title": "사장님 사이트",
      "data": [
        {
          "subject": "저희 가게에 올라와있는 (음식 이미지 or 음식 메뉴)를 바꾸고 싶은데요. 어떻게 해야 하나요?",
          "content": [
            {
              "subtitle": "정보 관리",
              "subcontent": "[‘대구로’ 음식 이미지 or 메뉴 간편 변경 안내]<br/>* 카카오톡 실행<br/>* 카카오톡 첫 화면에 오른쪽 위에 있는 돋보기 내용 클릭<br/>* ‘검색’창에 ‘대구로 고객센터’ 채널 검색 → 채널 추가<br/>* ‘상담원 연결’ 클릭 → 고객 프로필 입력<br/>* 채팅창에 변경하고 싶은 음식 이미지 or 메뉴 전송"
            }
          ]
        }
      ]
    },
    {
      "title": "POS",
      "data": [
        {
          "subject": "POS기가 없을 경우는 어떻게 하나요?",
          "content": [
            {
              "subtitle": "",
              "subcontent": "모바일로 접수를 받아야 하고, 대신 영수증 출력을 하지 못해서 수기로 작성을 해야 합니다."
            }
          ]
        },
        {
          "subject": "POS 설치는 무료인 것인지?",
          "content": [
            {
              "subtitle": "",
              "subcontent": "설치에 대한 비용은 별도로 없으며, 대구로 주문은을 받을 수 있도록 영업사원이 방문하고나 아웃바운드를 통해 설치를 도와드립니다."
            }
          ]
        },
        {
          "subject": "POS 설치하면 영수증 출력까지 되는 건지?",
          "content": [
            {
              "subtitle": "",
              "subcontent": "영수증 출력까지 되도록 설치해드릴 것입니다."
            }
          ]
        },
        {
          "subject": "영수증 프린터는 어떻게 연결할 수 있나요?",
          "content": [
            {
              "subtitle": "",
              "subcontent": "쓰시는 다른 주문앱 (예를 들어, 배달의 민족) 있다면 해당 프로그램의 환경설정에서 프린터가 연결된 포트를 확인해주세요. 해당 포트를 동일하게 대구로에서도 설정을 하고 저장 후 프로그램을 재시작 해주시면 됩니다.<br/>만약 다른 주문앱을 사용하는 것이 없다면,<br/>장치 관리자 → 포트 (COM & LPT) → 통신 포트 (COM1) 확인.<br/>COM1에 연결되어있다는 뜻이므로, 대구로에 COM1 연결"
            }
          ]
        },
        {
          "subject": "POS기로 로그인 했는데 로그인 정보가 없다고 떠요.",
          "content": [
            {
              "subtitle": "",
              "subcontent": "Windows XP Service Pack 3 이상 Windows POS Ready 2009 Service Pack 1 이상이어야 가능해서 확인해보고, 버전 낮으면 설치하셔야 한다고 안내."
            }
          ]
        }
      ]
    }
  ]
}